title,type,description,latitude,longitude,link,photo
"Hytte med anneks, naust og båt m/ liten påhenger i majestetisk natur | FINN reise",accommodation,"Lun hytte på ca. 85 kvm. med stue/ kjøkken 3/4 soverom, bad og badstue. Anneks på ca. 16 kvm og uteplatting er plassert idyllisk ved Ordalselva. Naust med båt, liten påhenger, redningsvester og noe...",69.7297519024844,18.6353133259677,https://www.finn.no/reise/feriehus-hytteutleie/ad.html?finnkode=263016226&fra=2026-07-30&til=2026-08-11&gjester=4&ci=6,https://images.finncdn.no/dynamic/1200x840/2024/11/vertical-0/01/6/263/016/226_23bc5012-367c-4a37-bdbb-46fb30493342.jpg
"Feriehus, med fin eiendom, passer også fint til jakt | FINN reise",accommodation,"Lad batteriene på denne unike plassen, er egen båt til fiske, fjøs som er ombygd til lokale med strøm og peis, perfekt til selskap, eget naust til båt som kan brukes, 1 gamme som har seng som kan b...",70.018299285574,18.9574554423431,https://www.finn.no/reise/feriehus-hytteutleie/ad.html?finnkode=422319976&ci=5,https://images.finncdn.no/dynamic/1200x840/40/409203ac-843c-4bd0-9498-6a3220bb2859
Fiskeparadis i Nord Norge. | FINN reise,accommodation,Vi leier ut hytter i forskjellige størrelser (4-9 sengeplasser). Alle hytter står rett ved sjøen. Alle hytter har bad/WC og kjøkken med kjøleskap og kjøkkenutstyr. Noen hytter har terrasse med utsi...,70.100671177517,19.7039794921875,https://www.finn.no/reise/feriehus-hytteutleie/ad.html?finnkode=309878875&ci=34,https://images.finncdn.no/dynamic/1280w/2023/7/vertical-0/06/5/309/878/875_895846831.jpg
Nydelig feriehus 50meter fra sjøen på Sør Senja | FINN reise,accommodation,"NB: Har noe ledig på kort varsel, send en melding så svarer vi raskt :)<br> <br> Flott liten enebolig på 2 etasjer fra 1993, delvis renovert 2017/2018 med bra standard.<br> Kjempetrivelig og en her...",69.16205905,17.60082955,https://www.finn.no/reise/feriehus-hytteutleie/ad.html?finnkode=252336507&ci=22,https://images.finncdn.no/dynamic/1200x840/2022/3/vertical-0/23/7/252/336/507_1553528272.jpg
Feriehjem - Kongshus | FINN reise,accommodation,"Nyt en stund ute i dette koselige feriehuset, som ligger pittoresk til på en liten øy. <br> <br> Inne i trehuset finner du en koselig atmosfære med store lenestoler og sofaer som umiddelbart innbyr...",70.1433,23.259724,https://www.finn.no/reise/feriehus-hytteutleie/ad.html?finnkode=418093353&ci=22,https://images.finncdn.no/dynamic/1200x840/fhh/418093353/novasol/617120633/2025_07_25T00_00_47Z_core_e5d_e5d98182_7028_45f0_9e11_9facc43b3c1b_e5d98182_7028_45f0_9e11_9facc43b3c1b_jpg
Fredfull hytte i Malangen ledig i påsken og utover | FINN reise,accommodation,Fredfull renovert hytte uten strøm og vann til leie. Her kan du virkelig finne roen! Hytten har gass og 12V på batteri. Den ligger 2 meter fra Nordfjordvatn. På vinteren går man dit på ski og om so...,69.2785782875933,19.0281348302844,https://www.finn.no/reise/feriehus-hytteutleie/ad.html?finnkode=343217146&fra=2026-07-30&til=2026-08-11&gjester=4&ci=5,https://images.finncdn.no/dynamic/1280w/2024/3/vertical-0/07/6/343/217/146_398692690.jpg
Tromsø Airport,airport,"Find local businesses, view maps and get driving directions in Google Maps.",69.6834173,18.9168388,"https://www.google.com/maps/place/Troms%C3%B8+Airport/@69.6840974,18.9124202,18.08z/data=!4m6!3m5!1s0x45c4c422788e3f0f:0x5040733cf2f3e30e!8m2!3d69.6834173!4d18.9168388!16zL20vMDlkcDNj?entry=tts&g_ep=EgoyMDI2MDQwNS4wIPu8ASoASAFQAw%3D%3D&skid=f19eef12-e782-45a3-b94c-fa549a9a63d8&ucbcb=1",https://maps.google.com/maps/api/staticmap?center=69.6840974%2C18.9124202&zoom=18&size=900x900&language=en&sensor=false&key=AIzaSyBoYjeRtfVI0Jd8Q_9mnflo9i4sOYpShB0&signature=GLO7sK6W20C4ZehyZIsq4HoHc6I
"Attme Have, Brostadbotn, Norway",accommodation,"Boasting a garden, Attme Have is situated in Brostadbotn.",69.0691869671005,17.652965983992,https://www.booking.com/hotel/no/nydelig-2-roms-leilighet-helt-attme-have-brostadbotn.en-gb.html,https://r-xx.bstatic.com/xdata/images/hotel/608x352/809438794.webp?k=8a9a5c8e77e1856822a39e78113381c450d0889dcafebe1d9e6348c4620116a7&o=
Gjestehytte i Dividal med laksefiske - Inatur.no,accommodation,"Divitun. Gjestehytte. Perfekt utgangspunkt for jakt, fiske og friluftsliv i majestetiske Dividalen. Laksefiske langs tomten er inkludert i leien.",68.86479508826524,19.55354061607214,https://www.inatur.no/hytte/62472aa2869f5c06c9506875,https://imagedelivery.net/hR_k_33bmwvCmQSAO0WhnQ/cca23a8f-0f3a-45d3-2b9e-2427cc431e00/opengraph
